Report Refresh Date,Liked,Posted,Read,Report Date,Report Period
2026-06-03,369,62,23385,2026-06-03,180
2026-06-03,508,82,24085,2026-06-02,180
2026-06-03,587,92,28467,2026-06-01,180
2026-06-03,22,4,3519,2026-05-31,180
2026-06-03,30,5,6158,2026-05-30,180
2026-06-03,391,73,30273,2026-05-29,180
2026-06-03,378,64,27776,2026-05-28,180
2026-06-03,405,38,27620,2026-05-27,180
2026-06-03,431,48,30338,2026-05-26,180
2026-06-03,394,49,27212,2026-05-25,180
2026-06-03,30,5,3824,2026-05-24,180
2026-06-03,54,5,5592,2026-05-23,180
2026-06-03,412,59,21306,2026-05-22,180
2026-06-03,551,81,27830,2026-05-21,180
2026-06-03,426,57,22164,2026-05-20,180
2026-06-03,413,63,22427,2026-05-19,180
2026-06-03,419,67,23080,2026-05-18,180
2026-06-03,23,,3083,2026-05-17,180
2026-06-03,35,6,5836,2026-05-16,180
2026-06-03,351,77,20353,2026-05-15,180
2026-06-03,398,70,24932,2026-05-14,180
2026-06-03,334,80,26322,2026-05-13,180
2026-06-03,372,67,27875,2026-05-12,180
2026-06-03,370,76,25411,2026-05-11,180
2026-06-03,18,7,3168,2026-05-10,180
2026-06-03,42,6,6495,2026-05-09,180
2026-06-03,378,55,22632,2026-05-08,180
2026-06-03,471,55,26382,2026-05-07,180
2026-06-03,495,91,27086,2026-05-06,180
2026-06-03,485,74,26464,2026-05-05,180
2026-06-03,484,95,30105,2026-05-04,180
2026-06-03,22,8,3832,2026-05-03,180
2026-06-03,26,2,5778,2026-05-02,180
2026-06-03,153,29,13358,2026-05-01,180
2026-06-03,447,70,35871,2026-04-30,180
2026-06-03,353,34,28608,2026-04-29,180
2026-06-03,447,55,34693,2026-04-28,180
2026-06-03,389,86,28347,2026-04-27,180
2026-06-03,38,5,3475,2026-04-26,180
2026-06-03,112,8,6620,2026-04-25,180
2026-06-03,349,72,24297,2026-04-24,180
2026-06-03,397,60,27320,2026-04-23,180
2026-06-03,477,75,29313,2026-04-22,180
2026-06-03,212,39,15224,2026-04-21,180
2026-06-03,223,48,16384,2026-04-20,180
2026-06-03,26,4,3325,2026-04-19,180
2026-06-03,58,5,4932,2026-04-18,180
2026-06-03,440,73,23931,2026-04-17,180
2026-06-03,429,50,34671,2026-04-16,180
2026-06-03,358,75,24198,2026-04-15,180
